{"train/loss": 0.8021, "train/learning_rate": 4.9998991690281513e-05, "train/epoch": 0.01, "train/global_step": 450, "_timestamp": 1705484245.973174, "_runtime": 256.0104911327362, "_step": 44, "_wandb": {"runtime": 259}}