{"train/loss": 0.8416, "train/learning_rate": 4.99998766395359e-05, "train/epoch": 0.0, "train/global_step": 160, "_timestamp": 1705483545.319826, "_runtime": 67.12141299247742, "_step": 15, "_wandb": {"runtime": 68}}